{"cameraMode":{"drawMode":0,"name":"Shaded","section":"Shading Mode"},"sceneLighting":true,"audioPlay":false,"sceneViewState":{"m_AlwaysRefresh":false,"showFog":true,"showSkybox":true,"showFlares":true,"showImageEffects":true,"showParticleSystems":true,"showVisualEffectGraphs":true,"m_FxEnabled":true},"in2DMode":false,"pivot":{"x":15.190086364746094,"y":-5.502346038818359,"z":50.00917434692383},"rotation":{"x":0.27480220794677737,"y":0.2529066205024719,"z":-0.07516640424728394,"w":0.9245961904525757},"size":153.14865112304688,"orthographic":false}